,first_name,last_name,age,email,salary,join_date
0,Quincy,White,33.0,beatrice@example.com,64642.0,07-08-2022
1,Xena,Rodriguez,28.0,quincy@example.com,96273.0,03-09-2021
2,Leo,Smith,56.0,charlie@example.com,117527.0,07-07-2023
3,Jack,Allen,33.0,vera@example.com,54033.0,02-12-2021
4,Charlie,Taylor,38.0,quinn@example.com,30837.0,05-12-2023
5,Charlie,Miller,55.0,steve@example.com,60876.0,15-06-2023
6,Steve,Walker,unknown age,olivia@example.com,78191.0,10-11-2021
7,Uma,Walker,19.0,ulysses@example.com,44596.0,08-11-2020
8,Catherine,Miller,37.0,quinn@example.com,80422.0,03-10-2020
9,Jack,Miller,50.0,isaac@example.com,41174.0,09-07-2022
10,Tara,Clark,43.0,tina@example.com,115977.0,15-04-2020
11,Beatrice,King,40.0,steve@example.com,61174.0,31-10-2022
12,Eve,Wright,21.0,rachel@example.com,106018.0,18-07-2023
13,Wendy,King,51.0,hannah@example.com,55580.0,04-01-2021
14,Kevin,Hall,43.0,henry@example.com,60701.0,12-02-2021
15,Paul,Miller,24.0,nate@example.com,50492.0,11-03-2021
16,Mia,Thomas,51.0,uma@example.com,37724.0,08-05-2020
17,Uma,Torres,27.0,rosa@example.com,95236.0,04-07-2021
18,Isaac,Martin,54.0,quincy@example.com,117202.0,21-10-2021
19,Isaac,Williams,30.0,alice@example.com,43020.0,13-05-2022
20,Uma,White,19.0,xena@example.com,114294.0,27-11-2020
21,Isaac,Garcia,49.0,olivia@example.com,118806.0,06-06-2023
22,Ulysses,Martin,24.0,grace@example.com,109957.0,06-02-2023
23,Ulysses,Flores,43.0,unknown@example.com,44548.0,06-09-2022
24,Xena,Miller,38.0,liam@example.com,108307.0,24-11-2022
25,Eve,Williams,38.0,victor@example.com,95167.0,03-12-2021
26,David,Allen,31.0,tina@example.com,52227.0,07-04-2023
27,Bob,Baker,43.0,xena@example.com,76864.0,26-04-2021
28,Quincy,Torres,47.0,gina@example.com,105636.0,01-11-2022
29,Leo,Hill,63.0,charlie@example.com,unknown salary,11-11-2023
30,Ella,Green,26.0,paul@example.com,113764.0,23-03-2023
31,Ivy,Scott,31.0,henry@example.com,42837.0,31-10-2022
32,Eve,Nguyen,42.0,yasmine@example.com,61279.0,22-12-2022
33,Bob,Adams,33.0,quinn@example.com,113345.0,10-05-2022
34,Beatrice,Martinez,54.0,rachel@example.com,101786.0,15-05-2022
35,Isaac,Miller,32.0,catherine@example.com,82976.0,26-02-2020
36,Ivy,Jones,50.0,tina@example.com,79274.0,14-05-2022
37,Leo,Mitchell,34.0,unknown@example.com,60885.0,25-03-2023
38,Leo,Allen,44.0,nate@example.com,31883.0,unknown date
39,Alice,Adams,unknown age,maya@example.com,56218.0,06-05-2021
40,Mia,Mitchell,28.0,piper@example.com,115644.0,27-12-2021
41,Liam,Miller,52.0,uma@example.com,73308.0,13-11-2023
42,Kevin,Rivera,44.0,grace@example.com,98155.0,10-05-2020
43,Rachel,Walker,unknown age,isaac@example.com,49932.0,23-12-2020
44,Charlie,Davis,23.0,ella@example.com,unknown salary,14-07-2022
45,Catherine,Thomas,49.0,isaac@example.com,48158.0,19-05-2023
46,Charlie,Campbell,unknown age,steve@example.com,70646.0,21-11-2021
47,Bob,Flores,56.0,catherine@example.com,79548.0,15-07-2020
48,Tara,Thompson,24.0,aaron@example.com,94828.0,16-12-2023
49,Walter,Davis,43.0,uma@example.com,72366.0,05-01-2022
50,Quincy,White,27.0,alice@example.com,85119.0,25-08-2023
51,Charlie,Johnson,30.0,xena@example.com,81358.0,19-11-2021
52,Paul,Miller,55.0,kevin@example.com,87217.0,27-11-2021
53,Hannah,Martin,57.0,bob@example.com,34623.0,08-12-2023
54,Xander,Allen,38.0,ulysses@example.com,80631.0,07-03-2020
55,Leo,Miller,45.0,alice@example.com,45895.0,26-09-2023
56,Bob,Johnson,unknown age,bob@example.com,117438.0,25-03-2022
57,Quinn,Garcia,53.0,noah@example.com,71371.0,19-11-2021
58,Zoe,King,19.0,walter@example.com,77136.0,26-08-2023
59,Steve,White,41.0,rosa@example.com,30390.0,06-06-2022
60,Hannah,Clark,43.0,yara@example.com,115106.0,20-02-2020
61,Jack,Miller,63.0,kevin@example.com,77015.0,05-09-2021
62,Isaac,Allen,34.0,unknown@example.com,38217.0,10-11-2020
63,Frank,Martinez,54.0,felix@example.com,104322.0,30-11-2020
64,Tara,Wilson,21.0,gina@example.com,32277.0,02-03-2021
65,Eve,Moore,33.0,charlie@example.com,108482.0,14-08-2022
66,Jack,White,56.0,charlie@example.com,92468.0,08-01-2022
67,Maya,Lee,52.0,yara@example.com,40676.0,25-09-2021
68,Henry,Wilson,54.0,vera@example.com,88195.0,unknown date
69,Maya,Rivera,44.0,david@example.com,37093.0,07-04-2020
70,Jack,Campbell,20.0,hannah@example.com,95492.0,19-11-2021
71,Mia,Brown,60.0,victor@example.com,117359.0,22-09-2022
72,Quincy,Adams,53.0,zoe@example.com,104177.0,07-07-2023
73,Felix,Adams,37.0,rachel@example.com,91810.0,22-02-2021
74,Nate,Harris,37.0,henry@example.com,79620.0,27-12-2023
75,Alice,Wilson,27.0,samuel@example.com,108775.0,21-01-2023
76,Tara,Rivera,34.0,kevin@example.com,94689.0,20-05-2023
77,Henry,Flores,58.0,ulysses@example.com,100370.0,unknown date
78,Paul,Rivera,39.0,yara@example.com,61589.0,08-06-2020
79,Victor,Flores,47.0,isaac@example.com,108462.0,25-10-2021
80,Vera,Martinez,46.0,owen@example.com,70530.0,22-05-2020
81,Daniel,Adams,42.0,julia@example.com,48681.0,07-05-2021
82,Uma,Garcia,59.0,paul@example.com,53984.0,19-01-2020
83,Tara,Jackson,29.0,xander@example.com,75612.0,27-09-2021
84,Jack,Thompson,37.0,owen@example.com,66617.0,26-12-2021
85,Ulysses,Davis,29.0,ulysses@example.com,56168.0,10-09-2020
86,Vera,Harris,43.0,samuel@example.com,66256.0,unknown date
87,Paul,Baker,63.0,julia@example.com,68661.0,24-12-2020
88,Aaron,Robinson,63.0,xander@example.com,35507.0,unknown date
89,Xander,Martinez,57.0,zoe@example.com,103071.0,29-06-2022
90,Felix,Torres,33.0,mia@example.com,97985.0,02-01-2021
91,Noah,Scott,21.0,unknown@example.com,117293.0,04-03-2020
92,Xander,Harris,19.0,nate@example.com,113299.0,15-05-2023
93,Kevin,Clark,50.0,daniel@example.com,51757.0,02-02-2022
94,Xander,Flores,57.0,jack@example.com,64080.0,08-05-2021
95,Zoe,Robinson,47.0,walter@example.com,96565.0,10-04-2022
96,Jack,Baker,52.0,jack@example.com,33434.0,08-02-2021
97,Eve,Campbell,60.0,unknown@example.com,73155.0,22-07-2020
98,Frank,Anderson,30.0,bob@example.com,92981.0,01-06-2021
99,Quincy,White,56.0,victor@example.com,99234.0,05-04-2020
100,Ulysses,Thomas,31.0,david@example.com,117870.0,24-09-2022
101,Walter,Johnson,31.0,grace@example.com,54792.0,unknown date
102,Steve,Walker,59.0,grace@example.com,84061.0,12-04-2022
103,Felix,Young,53.0,julia@example.com,69070.0,29-05-2023
104,Quincy,King,48.0,unknown@example.com,36738.0,10-12-2022
105,Mia,Thomas,27.0,unknown@example.com,115830.0,31-12-2023
106,Kira,Wright,48.0,unknown@example.com,31918.0,18-05-2023
107,Tara,Wilson,47.0,samuel@example.com,61353.0,10-08-2021
108,David,Jones,30.0,wendy@example.com,90451.0,09-07-2021
109,Tina,Lewis,28.0,hannah@example.com,73354.0,13-01-2020
110,Hannah,Scott,51.0,frank@example.com,93005.0,06-05-2021
111,Zoe,Wilson,26.0,olivia@example.com,113072.0,12-06-2020
112,Henry,Garcia,63.0,wendy@example.com,66056.0,22-07-2021
113,Xena,Garcia,unknown age,quinn@example.com,54500.0,29-01-2022
114,Bob,Hall,23.0,yara@example.com,48241.0,02-03-2022
115,Noah,Miller,23.0,zoe@example.com,35946.0,26-11-2020
116,Eve,Rivera,30.0,charlie@example.com,52346.0,14-09-2022
117,Olivia,Rodriguez,20.0,gina@example.com,102141.0,10-01-2020
118,Noah,Scott,64.0,unknown@example.com,111438.0,29-04-2023
119,Wendy,Adams,25.0,quincy@example.com,116023.0,15-02-2023
120,Bob,Wilson,45.0,tina@example.com,75612.0,20-06-2022
121,Samuel,Martin,53.0,hannah@example.com,85997.0,19-07-2021
122,Aaron,Harris,59.0,kira@example.com,75612.0,11-09-2020
123,Steve,Scott,18.0,yasmine@example.com,55296.0,28-09-2023
124,Alice,Lewis,48.0,olivia@example.com,59514.0,unknown date
125,Catherine,Anderson,41.0,walter@example.com,45063.0,09-01-2021
126,Daniel,Anderson,60.0,felix@example.com,68493.0,17-10-2022
127,Jack,Allen,41.0,mia@example.com,111432.0,09-03-2022
128,Aaron,Taylor,26.0,aaron@example.com,unknown salary,05-06-2022
129,Julia,King,63.0,maya@example.com,70374.0,04-12-2020
130,Aaron,Davis,22.0,grace@example.com,96473.0,27-08-2021
131,Yara,Miller,59.0,beatrice@example.com,42521.0,14-05-2022
132,Walter,Smith,61.0,piper@example.com,64739.0,07-01-2022
133,Paul,Williams,41.0,charlie@example.com,44700.0,03-10-2020
134,Rachel,Martin,58.0,david@example.com,117864.0,08-09-2021
135,Ivy,Nguyen,21.0,gina@example.com,82117.0,11-06-2022
136,Piper,Miller,59.0,hannah@example.com,113201.0,24-10-2023
137,Victor,Martin,20.0,julia@example.com,102931.0,01-07-2022
138,Piper,Baker,56.0,kevin@example.com,79245.0,08-02-2021
139,Wendy,Smith,unknown age,catherine@example.com,51156.0,03-09-2022
140,Steve,Lewis,28.0,tara@example.com,63499.0,14-05-2020
141,Samuel,Williams,25.0,liam@example.com,113377.0,15-07-2022
142,Quinn,Davis,43.0,daniel@example.com,118282.0,27-10-2023
143,Olivia,Harris,19.0,xena@example.com,32495.0,14-02-2020
144,Wendy,Wilson,20.0,kira@example.com,38244.0,14-09-2021
145,Olivia,Adams,40.0,leo@example.com,37419.0,04-05-2022
146,Mia,Thomas,32.0,quinn@example.com,76340.0,15-11-2020
147,Felix,Thompson,47.0,tina@example.com,65182.0,27-10-2023
148,Kevin,Flores,20.0,unknown@example.com,68996.0,13-06-2023
149,Julia,Wilson,38.0,jack@example.com,103447.0,05-05-2020
150,Rachel,Brown,63.0,quincy@example.com,101176.0,02-07-2021
151,Zoe,Rodriguez,52.0,mia@example.com,99193.0,15-09-2023
152,Piper,Jones,21.0,daniel@example.com,83158.0,07-08-2020
153,Quinn,Lewis,63.0,grace@example.com,33180.0,10-06-2021
154,Yasmine,Smith,55.0,olivia@example.com,56133.0,20-08-2023
155,Gina,Wright,24.0,wendy@example.com,110874.0,02-03-2020
156,Ella,Adams,unknown age,gina@example.com,116652.0,08-05-2023
157,Liam,Campbell,62.0,wendy@example.com,98960.0,10-06-2022
158,Xander,King,24.0,maya@example.com,49522.0,26-07-2020
159,Hannah,Nelson,54.0,jack@example.com,95682.0,16-09-2023
160,Rosa,Smith,43.0,isaac@example.com,76993.0,03-08-2020
161,Noah,Hall,43.0,gina@example.com,33391.0,16-03-2020
162,Leo,White,64.0,owen@example.com,46114.0,08-04-2020
163,Olivia,Johnson,19.0,owen@example.com,30391.0,16-02-2023
164,Ivy,Brown,22.0,unknown@example.com,39686.0,11-08-2023
165,Uma,Mitchell,58.0,bob@example.com,37583.0,06-06-2023
166,Olivia,Martinez,38.0,quincy@example.com,117081.0,31-10-2020
167,Vera,Rivera,61.0,alice@example.com,85429.0,03-10-2021
168,Tina,Smith,18.0,steve@example.com,52426.0,15-04-2020
169,Rosa,Green,50.0,frank@example.com,32566.0,09-04-2023
170,Piper,Adams,64.0,unknown@example.com,76828.0,07-04-2022
171,Victor,Hall,59.0,leo@example.com,67388.0,04-08-2020
172,Xena,Nguyen,unknown age,xena@example.com,93468.0,16-07-2020
173,Piper,Walker,45.0,hannah@example.com,33997.0,22-06-2023
174,Piper,Martinez,22.0,piper@example.com,66872.0,14-06-2021
175,Wendy,Jackson,32.0,charlie@example.com,39612.0,21-02-2022
176,Jack,Young,26.0,unknown@example.com,84383.0,unknown date
177,Felix,King,39.0,mia@example.com,66262.0,02-02-2022
178,Samuel,Rivera,18.0,nate@example.com,65663.0,22-01-2022
179,Quincy,Walker,unknown age,kevin@example.com,105030.0,23-02-2022
180,Hannah,Campbell,24.0,leo@example.com,81359.0,25-07-2023
181,Piper,Jones,36.0,wendy@example.com,38057.0,09-07-2020
182,Tina,Wright,56.0,noah@example.com,110992.0,06-11-2021
183,Steve,Hall,20.0,wendy@example.com,64161.0,17-12-2021
184,Walter,Jackson,44.0,uma@example.com,74834.0,17-05-2021
185,Rosa,Flores,64.0,owen@example.com,114992.0,10-06-2023
186,Yasmine,King,25.0,wendy@example.com,44055.0,27-04-2021
187,Kevin,Thompson,53.0,rosa@example.com,51510.0,25-02-2021
188,Piper,Walker,21.0,piper@example.com,unknown salary,13-04-2022
189,Henry,Adams,22.0,eve@example.com,51757.0,08-09-2020
190,Jack,Rodriguez,62.0,yasmine@example.com,108700.0,27-04-2022
191,Quincy,Hill,31.0,aaron@example.com,unknown salary,22-06-2020
192,Henry,Walker,43.0,xena@example.com,57990.0,unknown date
193,Quincy,Rodriguez,39.0,quinn@example.com,48111.0,25-09-2022
194,Kevin,Clark,22.0,leo@example.com,83453.0,20-02-2023
195,Aaron,Moore,55.0,kira@example.com,55853.0,14-01-2022
196,Liam,Hill,34.0,mia@example.com,89278.0,24-11-2021
197,Victor,Davis,53.0,henry@example.com,114473.0,28-08-2022
198,Bob,Jones,31.0,zoe@example.com,44117.0,25-10-2021
199,Quinn,Scott,45.0,wendy@example.com,105191.0,07-05-2022
200,Liam,Martinez,55.0,tina@example.com,111673.0,14-04-2023
201,Henry,Anderson,52.0,aaron@example.com,59069.0,20-03-2020
202,Olivia,Jackson,25.0,quinn@example.com,115045.0,29-12-2021
203,Hannah,Moore,43.0,catherine@example.com,91045.0,17-05-2022
204,Felix,Scott,63.0,walter@example.com,95639.0,19-09-2021
205,Eve,Campbell,47.0,steve@example.com,87931.0,29-06-2023
206,Piper,Green,44.0,walter@example.com,72116.0,29-10-2023
207,Victor,Flores,45.0,isaac@example.com,47492.0,05-07-2021
208,Bob,Davis,63.0,grace@example.com,69619.0,17-11-2021
209,Rachel,Rivera,57.0,piper@example.com,104863.0,02-09-2022
210,Jack,Wilson,53.0,noah@example.com,83368.0,27-07-2021
211,Uma,Walker,60.0,victor@example.com,59282.0,29-03-2022
212,Kevin,Martin,25.0,noah@example.com,108738.0,18-01-2022
213,Isaac,Torres,18.0,quinn@example.com,unknown salary,21-02-2020
214,Noah,King,50.0,quinn@example.com,75612.0,10-02-2020
215,Paul,Martin,36.0,uma@example.com,71417.0,10-04-2022
216,Yara,Young,59.0,mia@example.com,69880.0,30-10-2022
217,Kira,Hill,57.0,charlie@example.com,61291.0,10-11-2023
218,Uma,Young,51.0,ulysses@example.com,90539.0,23-03-2020
219,Uma,Williams,45.0,maya@example.com,72645.0,20-07-2021
220,Frank,Flores,30.0,piper@example.com,unknown salary,16-06-2020
221,Nate,Brown,33.0,kevin@example.com,81372.0,06-11-2023
222,Vera,Adams,39.0,julia@example.com,51481.0,03-11-2022
223,Gina,Allen,55.0,noah@example.com,117161.0,01-07-2021
224,Tina,Adams,unknown age,felix@example.com,65705.0,12-12-2022
225,Olivia,Thompson,21.0,victor@example.com,60907.0,30-10-2021
226,Felix,Robinson,19.0,jack@example.com,80677.0,04-09-2022
227,Hannah,Walker,56.0,olivia@example.com,unknown salary,05-08-2023
228,Rosa,Smith,57.0,hannah@example.com,89509.0,14-04-2022
229,David,Nelson,51.0,quincy@example.com,62159.0,17-04-2022
230,Gina,Smith,55.0,isaac@example.com,80789.0,unknown date
231,Isaac,Mitchell,59.0,tina@example.com,73130.0,09-09-2023
232,Rosa,Hill,46.0,mia@example.com,115591.0,06-07-2021
233,Leo,Torres,unknown age,daniel@example.com,50234.0,18-01-2021
234,Quincy,Nelson,37.0,vera@example.com,38886.0,25-04-2022
235,Yasmine,Thomas,54.0,unknown@example.com,58123.0,09-01-2021
236,Owen,Lewis,57.0,julia@example.com,72823.0,30-01-2021
237,Steve,Moore,18.0,jack@example.com,99732.0,02-11-2020
238,Leo,Walker,50.0,xena@example.com,52279.0,19-03-2021
239,Xander,Wilson,unknown age,noah@example.com,38322.0,25-06-2021
240,Ivy,Young,48.0,julia@example.com,109978.0,27-11-2022
241,Walter,Lewis,54.0,julia@example.com,79505.0,27-01-2022
242,Victor,Johnson,33.0,gina@example.com,90865.0,unknown date
243,Tara,Hall,60.0,bob@example.com,40638.0,15-06-2021
244,Vera,Adams,19.0,yara@example.com,52378.0,23-01-2022
245,Felix,Garcia,50.0,leo@example.com,40821.0,26-06-2023
246,Yasmine,White,59.0,isaac@example.com,59336.0,unknown date
247,Ella,Davis,39.0,nate@example.com,36451.0,02-03-2021
248,Aaron,Smith,23.0,wendy@example.com,99085.0,unknown date
249,Noah,Anderson,26.0,liam@example.com,67561.0,28-12-2021
250,Rosa,Hill,59.0,zoe@example.com,45478.0,26-11-2022
251,Beatrice,Nelson,33.0,steve@example.com,53334.0,22-07-2022
252,Xander,Garcia,59.0,quinn@example.com,71621.0,04-11-2020
253,Wendy,Williams,37.0,mia@example.com,unknown salary,08-05-2020
254,Rachel,Robinson,42.0,jack@example.com,75612.0,26-08-2023
255,Owen,Harris,21.0,vera@example.com,73510.0,17-07-2022
256,Julia,Jackson,20.0,beatrice@example.com,108277.0,05-10-2020
257,Piper,Green,50.0,tara@example.com,unknown salary,26-03-2021
258,Ulysses,Smith,57.0,piper@example.com,105420.0,23-12-2022
259,Yara,Garcia,62.0,ella@example.com,117691.0,19-05-2023
260,Beatrice,Jackson,36.0,bob@example.com,111955.0,03-09-2020
261,Tara,Nelson,34.0,catherine@example.com,66563.0,09-02-2022
262,Xena,Moore,23.0,catherine@example.com,52135.0,21-11-2023
263,Bob,Clark,45.0,quinn@example.com,78832.0,04-07-2023
264,Uma,Lee,24.0,eve@example.com,45728.0,25-02-2022
265,Gina,Nguyen,39.0,frank@example.com,67239.0,14-06-2021
266,Victor,Young,24.0,eve@example.com,40215.0,05-10-2021
267,Yasmine,Thomas,61.0,noah@example.com,36697.0,29-05-2020
268,Alice,Moore,60.0,victor@example.com,46472.0,10-12-2022
269,Yasmine,Jackson,30.0,steve@example.com,81036.0,03-03-2022
270,Yara,Hill,21.0,uma@example.com,56272.0,12-01-2020
271,Mia,Jones,43.0,paul@example.com,36341.0,19-09-2022
272,Daniel,White,28.0,victor@example.com,72419.0,23-07-2023
273,Jack,Nelson,46.0,yara@example.com,111073.0,23-04-2022
274,Henry,Rodriguez,61.0,ella@example.com,88387.0,23-04-2021
275,Ivy,Allen,64.0,daniel@example.com,110762.0,07-06-2022
276,Wendy,Campbell,34.0,felix@example.com,46408.0,15-07-2022
277,Kevin,Hill,44.0,frank@example.com,104459.0,16-07-2022
278,Quincy,Torres,40.0,eve@example.com,104782.0,30-01-2023
279,Zoe,Walker,21.0,yasmine@example.com,47823.0,16-12-2021
280,Aaron,Hall,unknown age,alice@example.com,50155.0,05-08-2020
281,Quinn,Torres,41.0,paul@example.com,31989.0,11-02-2023
282,Gina,Rodriguez,27.0,ivy@example.com,47028.0,08-01-2023
283,Rachel,Walker,55.0,wendy@example.com,83686.0,08-12-2023
284,Gina,Young,37.0,leo@example.com,70371.0,28-08-2022
285,Quinn,Campbell,23.0,walter@example.com,118443.0,24-04-2022
286,Walter,Campbell,24.0,zoe@example.com,66860.0,06-06-2023
287,Piper,Lewis,52.0,tara@example.com,82028.0,18-11-2020
288,Xena,Thomas,54.0,leo@example.com,57562.0,12-07-2023
289,Ivy,Walker,59.0,frank@example.com,51810.0,18-02-2020
290,Bob,Flores,34.0,grace@example.com,75612.0,07-11-2022
291,Hannah,Anderson,49.0,rachel@example.com,79560.0,22-05-2022
292,Aaron,Harris,25.0,olivia@example.com,98410.0,29-10-2022
293,Mia,Hall,54.0,liam@example.com,73444.0,26-04-2022
294,Tara,Hill,37.0,leo@example.com,117875.0,20-07-2021
295,Charlie,Smith,30.0,tina@example.com,91707.0,09-09-2021
296,Henry,Johnson,38.0,uma@example.com,36070.0,12-05-2026
297,Maya,Hill,53.0,owen@example.com,114530.0,unknown date
298,Alice,Anderson,34.0,david@example.com,107456.0,20-12-2021
299,Ulysses,Taylor,27.0,quincy@example.com,68164.0,17-12-2020
300,Vera,Allen,unknown age,catherine@example.com,94263.0,23-01-2023
301,Mia,Robinson,56.0,beatrice@example.com,64078.0,24-11-2023
302,Zoe,King,55.0,zoe@example.com,66918.0,07-06-2023
303,Vera,Jackson,21.0,unknown@example.com,102614.0,08-02-2023
304,Isaac,Nelson,21.0,beatrice@example.com,108469.0,30-09-2020
305,Kevin,Flores,49.0,xena@example.com,32404.0,17-03-2023
306,David,Garcia,19.0,unknown@example.com,119181.0,17-12-2023
307,Kevin,Rodriguez,42.0,noah@example.com,62147.0,01-09-2020
308,Kevin,Brown,42.0,maya@example.com,84198.0,30-07-2023
309,Felix,Wilson,49.0,henry@example.com,53093.0,25-06-2020
310,Maya,Williams,63.0,kira@example.com,33207.0,29-03-2023
311,Daniel,White,21.0,liam@example.com,82322.0,09-10-2020
312,Jack,Johnson,63.0,jack@example.com,59190.0,unknown date
313,Isaac,Thomas,38.0,leo@example.com,85874.0,11-07-2020
314,Piper,Taylor,26.0,felix@example.com,103494.0,20-10-2022
315,Uma,Rivera,unknown age,wendy@example.com,99822.0,unknown date
316,Kira,Clark,36.0,aaron@example.com,68265.0,15-07-2023
317,Mia,Baker,31.0,quinn@example.com,43699.0,13-05-2021
318,Catherine,Moore,29.0,yasmine@example.com,68385.0,25-03-2023
319,Noah,Hill,57.0,uma@example.com,47184.0,29-01-2021
320,Leo,Jones,55.0,samuel@example.com,104305.0,02-06-2022
321,Olivia,Anderson,37.0,rachel@example.com,95423.0,22-01-1920
322,Charlie,Martinez,58.0,daniel@example.com,70034.0,24-04-2020
323,Owen,Young,26.0,nate@example.com,74014.0,16-08-2020
324,Nate,Baker,39.0,beatrice@example.com,98901.0,20-01-2020
325,David,Rodriguez,63.0,leo@example.com,63181.0,06-04-2022
326,Quinn,Anderson,44.0,unknown@example.com,32383.0,17-04-2021
327,Owen,Flores,19.0,gina@example.com,85760.0,30-01-2022
328,Uma,Martinez,37.0,gina@example.com,67059.0,15-01-2023
329,Owen,Johnson,60.0,catherine@example.com,106991.0,21-04-2023
330,Rosa,Hill,19.0,unknown@example.com,64427.0,30-08-2021
331,Eve,Wilson,unknown age,ulysses@example.com,42614.0,10-06-2021
332,Victor,Harris,29.0,unknown@example.com,49867.0,12-03-2022
333,Maya,Adams,38.0,zoe@example.com,84079.0,13-12-2021
334,Rosa,Garcia,32.0,steve@example.com,99007.0,10-03-2023
335,Owen,Flores,33.0,vera@example.com,unknown salary,11-01-2021
336,Wendy,Martinez,30.0,catherine@example.com,40780.0,15-09-2020
337,Xander,Wright,24.0,samuel@example.com,117492.0,08-03-2022
338,Samuel,Torres,19.0,liam@example.com,40039.0,30-01-2023
339,Quinn,Johnson,63.0,kevin@example.com,unknown salary,24-03-2023
340,Rosa,Robinson,55.0,olivia@example.com,66622.0,30-10-2022
341,Olivia,Moore,43.0,vera@example.com,47167.0,28-06-2021
342,Steve,Robinson,34.0,julia@example.com,100953.0,16-09-2020
343,Ella,Davis,63.0,alice@example.com,78020.0,09-11-2023
344,Ivy,Brown,52.0,maya@example.com,59693.0,03-05-2020
345,Grace,Smith,18.0,alice@example.com,73693.0,17-05-2021
346,Henry,Allen,26.0,kevin@example.com,83902.0,17-02-2021
347,Quinn,Harris,18.0,samuel@example.com,90017.0,29-11-2021
348,Jack,Miller,32.0,bob@example.com,59811.0,26-08-2020
349,Noah,Jackson,unknown age,ella@example.com,94958.0,30-12-2021
350,Grace,Taylor,36.0,olivia@example.com,98429.0,14-10-2022
351,Owen,Jones,46.0,rachel@example.com,94577.0,21-12-2023
352,Rachel,Torres,38.0,uma@example.com,102367.0,08-04-2023
353,Rosa,Baker,36.0,xander@example.com,96285.0,12-05-2020
354,Tara,Lewis,35.0,victor@example.com,63886.0,14-07-2021
355,Walter,Mitchell,50.0,yasmine@example.com,75612.0,10-02-2020
356,Yasmine,Taylor,20.0,ivy@example.com,51756.0,21-03-2020
357,Julia,Davis,37.0,steve@example.com,64092.0,27-11-2023
358,Paul,Lee,61.0,piper@example.com,97484.0,02-02-2020
359,Ella,Nguyen,62.0,grace@example.com,unknown salary,30-09-2023
360,Quinn,Lee,64.0,gina@example.com,69751.0,30-09-2022
361,Liam,Clark,42.0,david@example.com,32684.0,22-04-2021
362,Quincy,Hall,60.0,gina@example.com,46664.0,28-01-2022
363,Ulysses,Rivera,47.0,henry@example.com,unknown salary,24-11-2020
364,Owen,Adams,18.0,gina@example.com,30682.0,12-03-2023
365,Julia,Mitchell,unknown age,piper@example.com,73285.0,07-07-2021
366,Yasmine,Mitchell,47.0,yara@example.com,79614.0,03-05-2021
367,Charlie,Williams,19.0,frank@example.com,60677.0,17-07-2021
368,Ulysses,Baker,25.0,alice@example.com,35586.0,23-04-2023
369,Samuel,Wilson,34.0,xander@example.com,44615.0,05-03-2022
370,Xander,Wright,31.0,catherine@example.com,113850.0,06-03-2023
371,Xena,Brown,56.0,bob@example.com,80857.0,16-04-2023
372,Olivia,Scott,24.0,vera@example.com,112682.0,09-01-2021
373,Jack,Williams,25.0,frank@example.com,36519.0,11-02-2022
374,Noah,White,28.0,tina@example.com,99516.0,08-04-2021
375,Kira,White,50.0,olivia@example.com,77569.0,11-07-2020
376,Noah,Lewis,36.0,bob@example.com,66359.0,28-03-2020
377,Kira,Williams,48.0,tina@example.com,57204.0,25-08-2021
378,Henry,White,39.0,catherine@example.com,59509.0,unknown date
379,Owen,Jones,61.0,paul@example.com,96985.0,06-07-2023
380,Aaron,Walker,48.0,tina@example.com,115676.0,20-05-2022
381,Kira,Williams,44.0,jack@example.com,99095.0,05-11-2020
382,Daniel,Robinson,64.0,wendy@example.com,79090.0,05-06-2020
383,Henry,Moore,44.0,catherine@example.com,32990.0,22-09-2023
384,Catherine,Moore,25.0,yasmine@example.com,116089.0,05-02-2023
385,Kira,Nelson,38.0,eve@example.com,69168.0,12-10-2022
386,Daniel,Rivera,43.0,uma@example.com,77477.0,22-06-2020
387,Aaron,Green,51.0,xena@example.com,60683.0,11-09-2020
388,Tina,Martin,55.0,vera@example.com,103452.0,19-03-2023
389,Daniel,Campbell,48.0,owen@example.com,37956.0,09-04-2020
390,David,Miller,57.0,frank@example.com,117280.0,01-06-2022
391,Wendy,Walker,64.0,yasmine@example.com,88710.0,04-07-2021
392,Kira,Harris,23.0,charlie@example.com,75612.0,28-02-2020
393,Paul,Hall,61.0,liam@example.com,94634.0,30-04-2020
394,Walter,Anderson,50.0,rosa@example.com,75468.0,27-02-2021
395,Maya,Wilson,33.0,charlie@example.com,43641.0,unknown date
396,Gina,Garcia,31.0,yara@example.com,91272.0,23-05-2020
397,Daniel,Robinson,32.0,felix@example.com,119135.0,18-06-2023
398,Jack,Baker,25.0,tina@example.com,81599.0,18-08-2020
399,Ulysses,Moore,32.0,unknown@example.com,75612.0,13-11-2023
400,Catherine,Garcia,42.0,david@example.com,94434.0,unknown date
401,Xena,Johnson,37.0,zoe@example.com,71158.0,26-12-2021
402,Kevin,Allen,31.0,victor@example.com,70973.0,25-04-2020
403,Paul,Hall,43.0,mia@example.com,65318.0,16-03-2023
404,Ivy,Martin,35.0,gina@example.com,41807.0,13-06-2023
405,Kira,Clark,24.0,victor@example.com,81139.0,08-06-2023
406,Xena,Robinson,47.0,wendy@example.com,119755.0,10-02-2022
407,Quincy,Thompson,39.0,leo@example.com,59187.0,18-02-2021
408,Kevin,Wright,43.0,beatrice@example.com,38948.0,18-01-2020
409,Felix,Mitchell,38.0,beatrice@example.com,93973.0,unknown date
410,Catherine,Lewis,62.0,paul@example.com,80547.0,24-07-2020
411,Tina,Harris,45.0,julia@example.com,107115.0,20-06-2021
412,Leo,Lee,60.0,tina@example.com,78131.0,21-05-2023
413,Quinn,Allen,24.0,unknown@example.com,49154.0,23-11-2021
414,Felix,Davis,44.0,rosa@example.com,48990.0,26-06-2021
415,Charlie,Jackson,56.0,rachel@example.com,80375.0,24-04-2022
416,Paul,Nguyen,43.0,unknown@example.com,69266.0,29-08-2021
417,Quincy,Hill,49.0,bob@example.com,91064.0,02-09-2022
418,Piper,Williams,41.0,bob@example.com,48741.0,14-10-2023
419,Gina,Hill,64.0,ulysses@example.com,44529.0,05-02-2022
420,David,Anderson,43.0,tara@example.com,40391.0,12-10-2023
421,Alice,Allen,unknown age,yara@example.com,38064.0,01-03-2022
422,Jack,Thomas,47.0,quincy@example.com,75612.0,26-07-2020
423,Nate,Jones,55.0,unknown@example.com,79558.0,27-02-2020
424,Paul,Thompson,23.0,piper@example.com,106157.0,21-06-2020
425,Isaac,Johnson,35.0,grace@example.com,98222.0,12-11-2022
426,Yasmine,Rodriguez,52.0,zoe@example.com,51622.0,10-06-2021
427,Samuel,Moore,55.0,noah@example.com,102544.0,17-06-2020
428,Rachel,Baker,34.0,eve@example.com,111749.0,25-04-2023
429,Yasmine,Scott,60.0,paul@example.com,55262.0,20-08-2020
430,Hannah,Hall,61.0,xander@example.com,119133.0,09-11-2022
431,Julia,Martinez,49.0,noah@example.com,54940.0,15-02-2023
432,Leo,Scott,62.0,alice@example.com,62919.0,20-01-2021
433,Rachel,Moore,45.0,tara@example.com,85475.0,26-01-2022
434,Catherine,Taylor,unknown age,catherine@example.com,34119.0,16-06-2021
435,Quinn,Scott,31.0,unknown@example.com,117922.0,30-07-2020
436,Samuel,Davis,35.0,maya@example.com,85874.0,01-02-2023
437,Felix,Campbell,27.0,victor@example.com,34237.0,31-03-2022
438,Catherine,King,62.0,alice@example.com,31827.0,12-04-2022
439,Samuel,Baker,53.0,noah@example.com,93419.0,28-02-2020
440,Ivy,Clark,40.0,samuel@example.com,90814.0,20-07-2023
441,Catherine,Nguyen,44.0,steve@example.com,115772.0,25-10-2023
442,Charlie,Jackson,61.0,yara@example.com,51293.0,11-05-2022
443,Uma,Davis,46.0,vera@example.com,84352.0,04-02-2021
444,Samuel,Hall,47.0,gina@example.com,102239.0,28-01-2022
445,Henry,Thompson,37.0,leo@example.com,46584.0,23-08-2021
446,Leo,Campbell,22.0,bob@example.com,59621.0,27-02-2023
447,Maya,Jackson,22.0,steve@example.com,113012.0,22-01-2023
448,Steve,Flores,unknown age,grace@example.com,95147.0,16-03-2020
449,Zoe,Johnson,23.0,rosa@example.com,116950.0,18-01-2020
450,Leo,Robinson,35.0,samuel@example.com,32318.0,25-01-2023
451,Rosa,Hill,45.0,uma@example.com,92692.0,11-12-2021
452,Olivia,Davis,37.0,daniel@example.com,97962.0,30-12-2021
453,Aaron,Taylor,18.0,ella@example.com,43985.0,21-05-2021
454,Quinn,Garcia,23.0,julia@example.com,51023.0,16-05-2021
455,Kira,Young,28.0,xena@example.com,95973.0,07-10-2020
456,Bob,Anderson,53.0,piper@example.com,81907.0,05-01-2023
457,Gina,Jones,62.0,unknown@example.com,30000.0,13-09-2023
458,Kevin,Hill,55.0,unknown@example.com,38752.0,28-04-2023
459,Quincy,Hill,22.0,olivia@example.com,54639.0,02-07-2021
460,Olivia,Allen,27.0,uma@example.com,91544.0,13-06-2021
461,Julia,Nguyen,31.0,mia@example.com,54411.0,17-04-2022
462,Kevin,Green,39.0,piper@example.com,92210.0,09-11-2021
463,Alice,Jackson,45.0,julia@example.com,95072.0,19-04-2021
464,Bob,Martin,52.0,paul@example.com,102572.0,28-07-2022
465,Noah,Smith,57.0,ivy@example.com,40868.0,01-03-2021
466,Yasmine,Martin,51.0,hannah@example.com,72246.0,17-10-2020
467,Nate,Rodriguez,63.0,yasmine@example.com,114023.0,13-10-2022
468,Mia,Baker,unknown age,grace@example.com,54222.0,03-12-2023
469,Rosa,Allen,52.0,quinn@example.com,89214.0,02-09-2020
470,Quinn,Hall,62.0,nate@example.com,33813.0,06-04-2020
471,Tara,Anderson,22.0,jack@example.com,53633.0,25-12-2023
472,Daniel,Harris,25.0,grace@example.com,51498.0,02-08-2023
473,Beatrice,Taylor,18.0,noah@example.com,102724.0,08-01-2022
474,Xander,Johnson,58.0,daniel@example.com,43714.0,29-05-2022
475,Henry,Lewis,45.0,ulysses@example.com,109043.0,22-08-2020
476,Catherine,Nelson,56.0,zoe@example.com,30454.0,19-10-2023
477,Hannah,Rivera,62.0,bob@example.com,39763.0,22-10-2022
478,Rosa,Scott,52.0,xander@example.com,57208.0,26-07-2023
479,Kira,Baker,62.0,leo@example.com,30110.0,23-02-2023
480,Grace,Clark,36.0,unknown@example.com,43412.0,10-01-2023
481,Zoe,Hall,31.0,charlie@example.com,85553.0,26-08-2022
482,Xena,Rivera,27.0,zoe@example.com,43929.0,09-03-2020
483,Victor,Rivera,54.0,catherine@example.com,107694.0,11-03-2020
484,Mia,Nelson,unknown age,unknown@example.com,100643.0,30-05-2022
485,Beatrice,Martin,44.0,isaac@example.com,101331.0,21-01-2020
486,Kira,King,24.0,ivy@example.com,100294.0,17-10-2023
487,Xena,Moore,44.0,alice@example.com,109573.0,unknown date
488,Felix,Thomas,45.0,walter@example.com,47540.0,24-05-2022
489,Alice,Lee,19.0,kira@example.com,47944.0,08-01-2023
490,Ivy,Rodriguez,59.0,beatrice@example.com,114754.0,14-03-2022
491,Victor,Rivera,58.0,unknown@example.com,107524.0,27-06-2020
492,Kira,Moore,27.0,noah@example.com,37056.0,04-09-2023
493,Leo,Smith,54.0,tina@example.com,107805.0,14-03-2022
494,Catherine,Hill,28.0,xander@example.com,63204.0,18-02-2022
495,Isaac,Campbell,55.0,liam@example.com,unknown salary,11-05-2020
496,Grace,Smith,24.0,rachel@example.com,45565.0,07-06-2020
497,Wendy,Thomas,61.0,noah@example.com,59368.0,22-05-2023
498,Piper,King,64.0,rachel@example.com,37960.0,05-07-2020
499,Quinn,Harris,40.0,xander@example.com,69843.0,09-06-2020
500,Olivia,Anderson,31.0,ella@example.com,48866.0,20-07-2023
501,Piper,Jackson,40.0,xander@example.com,77025.0,18-05-2020
502,Mia,Walker,20.0,felix@example.com,unknown salary,07-11-2020
503,Owen,Anderson,63.0,leo@example.com,44911.0,30-05-2020
504,Daniel,Scott,62.0,bob@example.com,58997.0,26-07-2020
505,Gina,Lee,34.0,ella@example.com,30456.0,23-12-2020
506,Zoe,Green,23.0,steve@example.com,103553.0,18-06-2023
507,Aaron,Wilson,51.0,noah@example.com,48294.0,unknown date
508,Samuel,Walker,53.0,yasmine@example.com,unknown salary,31-08-2021
509,Uma,Jones,41.0,quincy@example.com,75612.0,14-10-2021
510,Ella,Martin,34.0,alice@example.com,98782.0,17-05-2020
511,Kevin,Rodriguez,20.0,steve@example.com,57125.0,12-03-2020
512,Uma,Torres,30.0,unknown@example.com,119020.0,25-06-2023
513,Alice,Allen,25.0,kira@example.com,57692.0,17-04-2021
514,Ulysses,Thompson,39.0,beatrice@example.com,43692.0,24-12-2021
515,Mia,White,34.0,walter@example.com,51922.0,25-02-2022
516,Paul,Nelson,60.0,aaron@example.com,113392.0,03-07-2023
517,Aaron,Harris,27.0,rachel@example.com,115356.0,17-10-2022
518,Ella,Allen,unknown age,eve@example.com,70940.0,21-09-2023
519,Hannah,Lee,unknown age,felix@example.com,100212.0,03-10-2022
520,Rosa,Lee,24.0,quinn@example.com,94985.0,24-05-2023
521,Daniel,Campbell,58.0,frank@example.com,98417.0,06-12-2020
522,Isaac,Garcia,44.0,quinn@example.com,36849.0,11-01-2020
523,Rachel,Lee,36.0,piper@example.com,84775.0,02-11-2020
524,Wendy,Rodriguez,20.0,eve@example.com,115864.0,12-07-2022
525,Rachel,Thompson,47.0,owen@example.com,82940.0,16-01-2023
526,Maya,Jones,25.0,charlie@example.com,52812.0,11-05-2021
527,Quincy,Moore,unknown age,eve@example.com,78864.0,05-08-2022
528,Leo,Smith,26.0,zoe@example.com,107163.0,unknown date
529,Quincy,Allen,26.0,yasmine@example.com,111345.0,14-12-2020
530,Tina,Rodriguez,25.0,eve@example.com,113061.0,02-07-2021
531,Daniel,Torres,18.0,mia@example.com,71535.0,28-10-2022
532,Rachel,Smith,59.0,grace@example.com,73305.0,26-02-2022
533,Piper,White,30.0,grace@example.com,83207.0,06-03-2021
534,Ulysses,Torres,55.0,uma@example.com,51107.0,unknown date
535,Leo,Brown,40.0,liam@example.com,42789.0,22-11-2021
536,Beatrice,Clark,unknown age,alice@example.com,55958.0,30-11-2021
537,Vera,Hall,unknown age,tara@example.com,68515.0,28-02-2023
538,Steve,Lee,30.0,unknown@example.com,unknown salary,11-07-2023
539,Ulysses,Lewis,58.0,eve@example.com,34195.0,01-01-2021
540,Yara,King,49.0,gina@example.com,50519.0,26-08-2021
541,Kira,Robinson,64.0,daniel@example.com,69666.0,05-05-2022
542,Nate,Davis,18.0,rosa@example.com,116203.0,19-05-2021
543,Jack,Green,51.0,quinn@example.com,108150.0,16-12-2023
544,Liam,Harris,61.0,charlie@example.com,67156.0,20-11-2023
545,Frank,Walker,26.0,liam@example.com,75612.0,12-11-2021
546,Owen,Lee,64.0,gina@example.com,68302.0,17-08-2020
547,Beatrice,Davis,24.0,aaron@example.com,94323.0,30-08-2022
548,Beatrice,Clark,37.0,gina@example.com,97085.0,13-09-2022
549,Walter,Clark,62.0,maya@example.com,69150.0,07-06-2022
550,Quincy,Hall,38.0,samuel@example.com,110083.0,05-10-2023
551,Quincy,Walker,29.0,noah@example.com,69893.0,15-03-2022
552,Piper,Rodriguez,56.0,jack@example.com,93010.0,13-07-2021
553,Liam,Baker,38.0,ulysses@example.com,62797.0,16-04-2023
554,Tina,Martin,49.0,gina@example.com,77632.0,unknown date
555,Eve,Moore,24.0,wendy@example.com,96728.0,20-10-2020
556,Piper,Allen,32.0,olivia@example.com,113062.0,15-06-2023
557,Steve,Anderson,47.0,leo@example.com,40010.0,24-05-2023
558,Gina,King,25.0,victor@example.com,111120.0,14-01-2021
559,Rosa,Hall,39.0,yasmine@example.com,31653.0,08-01-2020
560,Rosa,Jackson,25.0,charlie@example.com,57297.0,05-01-2022
561,Victor,Martin,56.0,ulysses@example.com,95656.0,16-06-2020
562,Rachel,Thomas,50.0,rosa@example.com,118350.0,22-07-2020
563,Xander,Adams,35.0,liam@example.com,36061.0,05-08-2021
564,Piper,Hill,52.0,owen@example.com,61922.0,24-09-2022
565,Vera,Baker,53.0,catherine@example.com,83384.0,23-05-2021
566,Quinn,Flores,62.0,unknown@example.com,67275.0,03-06-2022
567,Nate,Hill,28.0,charlie@example.com,52040.0,21-03-2020
568,Piper,Hall,38.0,uma@example.com,110089.0,19-05-2022
569,Quinn,Clark,40.0,felix@example.com,51119.0,unknown date
570,Xena,Hall,48.0,paul@example.com,51361.0,15-08-2022
571,Henry,Green,51.0,ulysses@example.com,35384.0,26-11-2020
572,Beatrice,Nguyen,37.0,rachel@example.com,48677.0,unknown date
573,Piper,Rodriguez,30.0,henry@example.com,57976.0,05-12-2020
574,Paul,Allen,43.0,walter@example.com,31528.0,16-10-2022
575,Wendy,Walker,unknown age,quincy@example.com,97749.0,15-03-2023
576,Eve,Nguyen,59.0,frank@example.com,119065.0,unknown date
577,Charlie,Wilson,59.0,nate@example.com,80701.0,10-06-2021
578,Felix,Williams,22.0,owen@example.com,96520.0,25-12-2022
579,Tara,Anderson,36.0,catherine@example.com,31121.0,14-04-2020
580,Felix,Brown,20.0,nate@example.com,65663.0,20-07-2020
581,Paul,Martin,54.0,alice@example.com,111398.0,11-06-2021
582,Liam,Thompson,45.0,david@example.com,62022.0,15-09-2022
583,Charlie,Wilson,44.0,noah@example.com,88912.0,26-06-2023
584,Henry,Jones,45.0,yasmine@example.com,100667.0,13-04-2020
585,Frank,Thompson,24.0,rosa@example.com,62203.0,19-02-2022
586,Owen,Garcia,42.0,xena@example.com,65301.0,09-10-2023
587,Kevin,Nguyen,34.0,grace@example.com,unknown salary,21-09-2023
588,Piper,Moore,19.0,vera@example.com,53709.0,27-02-2023
589,Grace,Green,36.0,rosa@example.com,65592.0,19-02-2021
590,Xena,Young,41.0,ivy@example.com,87148.0,23-06-2022
591,Xander,Davis,43.0,catherine@example.com,101415.0,11-01-2020
592,Vera,Moore,36.0,ella@example.com,48503.0,30-12-2020
593,Victor,Torres,32.0,tina@example.com,118230.0,18-11-2022
594,Victor,Robinson,37.0,xena@example.com,114092.0,28-04-2023
595,Aaron,Young,56.0,hannah@example.com,96542.0,01-11-2022
596,Ella,Martinez,36.0,charlie@example.com,49652.0,03-09-2020
597,Yara,Flores,63.0,david@example.com,104470.0,15-07-2021
598,Charlie,Thomas,46.0,eve@example.com,98665.0,03-09-2022
599,Gina,Green,unknown age,jack@example.com,78124.0,29-10-2022
600,Zoe,Flores,45.0,yasmine@example.com,111313.0,20-12-2021
601,Mia,Mitchell,46.0,henry@example.com,32456.0,24-09-2020
602,Liam,Davis,47.0,walter@example.com,43021.0,11-10-2021
603,David,Martinez,26.0,yasmine@example.com,54732.0,24-02-2023
604,Uma,Young,38.0,ulysses@example.com,103798.0,02-06-2022
605,Jack,Robinson,55.0,olivia@example.com,100680.0,14-03-2020
606,Alice,Wright,36.0,yara@example.com,110893.0,24-01-2023
607,Yasmine,Miller,59.0,samuel@example.com,75612.0,unknown date
608,Paul,Hall,59.0,unknown@example.com,75587.0,15-03-2021
609,Tara,Allen,34.0,unknown@example.com,57758.0,27-10-2020
610,Charlie,Nguyen,56.0,maya@example.com,38232.0,12-12-2020
611,Alice,Taylor,55.0,owen@example.com,69736.0,09-07-2020
612,Hannah,Nguyen,51.0,catherine@example.com,45775.0,25-06-2020
613,Ivy,Walker,54.0,rosa@example.com,59593.0,08-07-2021
614,Leo,Miller,54.0,liam@example.com,70768.0,08-07-2021
615,Maya,Hall,unknown age,isaac@example.com,77908.0,24-08-2023
616,Aaron,Hill,18.0,hannah@example.com,unknown salary,24-03-2021
617,Jack,Mitchell,22.0,jack@example.com,118905.0,30-06-2022
618,Gina,Johnson,45.0,zoe@example.com,113158.0,14-05-2020
619,Daniel,Scott,32.0,paul@example.com,57722.0,11-11-2021
620,Kira,Rivera,32.0,piper@example.com,65742.0,01-03-2021
621,Alice,Williams,36.0,rachel@example.com,66159.0,06-02-2021
622,Tara,Harris,43.0,mia@example.com,32437.0,21-11-2021
623,Ulysses,White,63.0,hannah@example.com,82377.0,18-06-2023
624,Ella,Walker,19.0,felix@example.com,84327.0,24-01-2020
625,Henry,Robinson,37.0,noah@example.com,50127.0,11-10-2022
626,Liam,Garcia,56.0,xander@example.com,74947.0,04-05-2021
627,David,Williams,62.0,eve@example.com,108379.0,02-09-2021
628,Hannah,Taylor,63.0,piper@example.com,114944.0,28-12-2023
629,Paul,Thompson,42.0,felix@example.com,115769.0,17-01-2020
630,Wendy,Rivera,30.0,jack@example.com,41490.0,18-06-2022
631,Charlie,Harris,42.0,felix@example.com,75628.0,11-07-2022
632,Bob,Campbell,42.0,rosa@example.com,110348.0,29-01-2022
633,Jack,Taylor,57.0,vera@example.com,42064.0,10-01-2023
634,Mia,Walker,30.0,unknown@example.com,54260.0,16-04-2022
635,Leo,Harris,33.0,quincy@example.com,43116.0,25-02-2023
636,David,Mitchell,23.0,kevin@example.com,112600.0,05-08-2023
637,Victor,Lewis,64.0,bob@example.com,41228.0,19-03-2020
638,Beatrice,Lewis,31.0,quincy@example.com,68431.0,unknown date
639,Leo,Baker,46.0,tina@example.com,60994.0,22-05-2020
640,Paul,Miller,54.0,daniel@example.com,107018.0,30-05-2020
641,Julia,Wright,42.0,tina@example.com,58384.0,20-10-2020
642,Piper,Moore,57.0,alice@example.com,81749.0,25-05-2023
643,Quincy,King,55.0,bob@example.com,67687.0,07-03-2020
644,Alice,Thomas,33.0,noah@example.com,81819.0,21-05-2022
645,Steve,Wright,57.0,quincy@example.com,79783.0,17-01-2023
646,Daniel,Brown,20.0,unknown@example.com,70069.0,06-02-2020
647,Ulysses,Harris,unknown age,grace@example.com,75776.0,15-09-2021
648,Frank,Nguyen,41.0,ella@example.com,116226.0,06-03-2022
649,Uma,Green,44.0,daniel@example.com,70283.0,18-02-2020
650,Piper,Rivera,41.0,ella@example.com,55110.0,16-06-2020
651,Catherine,Wright,27.0,uma@example.com,30680.0,unknown date
652,David,Adams,60.0,paul@example.com,110264.0,21-05-2020
653,Rosa,Mitchell,21.0,nate@example.com,90608.0,27-04-2021
654,Eve,Anderson,33.0,yara@example.com,51101.0,19-10-2023
655,Walter,Thomas,61.0,felix@example.com,107709.0,24-11-2020
656,Daniel,Smith,22.0,unknown@example.com,106997.0,unknown date
657,Victor,Allen,49.0,julia@example.com,32821.0,25-12-2023
658,11,Martin,18.0,bob@example.com,118873.0,06-02-2021
659,Alice,Scott,52.0,mia@example.com,94202.0,02-01-2023
660,Jack,Nguyen,53.0,kevin@example.com,88419.0,unknown date
661,Felix,Martinez,21.0,vera@example.com,119597.0,30-05-2023
662,Felix,Harris,18.0,olivia@example.com,81947.0,unknown date
663,Aaron,Martinez,30.0,victor@example.com,89104.0,16-11-2021
664,Isaac,Lewis,19.0,gina@example.com,31643.0,01-02-2023
665,Victor,Williams,61.0,rachel@example.com,117349.0,15-07-2022
666,Noah,Mitchell,42.0,aaron@example.com,69049.0,09-07-2022
667,Piper,Adams,34.0,walter@example.com,63518.0,unknown date
668,Xander,Davis,45.0,zoe@example.com,39671.0,16-08-2021
669,Xena,Rivera,39.0,charlie@example.com,87941.0,24-09-2022
670,Liam,Flores,26.0,eve@example.com,103811.0,02-08-2022
671,Julia,Jones,24.0,vera@example.com,71449.0,unknown date
672,Frank,Martinez,34.0,samuel@example.com,87931.0,26-10-2021
673,Xena,White,46.0,liam@example.com,98000.0,13-05-2020
674,Felix,Garcia,unknown age,aaron@example.com,109318.0,14-08-2022
675,Victor,Moore,54.0,walter@example.com,113127.0,05-02-2020
676,Quincy,Taylor,34.0,paul@example.com,54615.0,24-01-2021
677,Hannah,Davis,26.0,noah@example.com,61370.0,07-03-2021
678,Ella,Thomas,62.0,yasmine@example.com,39108.0,unknown date
679,Rachel,Jackson,38.0,wendy@example.com,101358.0,05-05-2020
680,Owen,Harris,56.0,olivia@example.com,39491.0,23-01-2021
681,Daniel,Wilson,22.0,aaron@example.com,39560.0,unknown date
682,Olivia,Baker,36.0,nate@example.com,64450.0,17-02-2023
683,Yara,Flores,48.0,daniel@example.com,106035.0,23-01-2022
684,Alice,Hall,61.0,olivia@example.com,118082.0,04-05-2021
685,Yasmine,Wright,62.0,victor@example.com,117133.0,05-08-2021
686,Tara,Rivera,19.0,aaron@example.com,59827.0,02-01-2022
687,Rosa,Davis,62.0,victor@example.com,75612.0,06-01-2021
688,Quincy,Harris,32.0,tina@example.com,49551.0,23-12-2021
689,Mia,Robinson,45.0,ivy@example.com,115956.0,29-04-2023
690,David,Martinez,unknown age,tara@example.com,93870.0,05-04-2020
691,Nate,Brown,unknown age,quincy@example.com,70357.0,30-06-2022
692,Zoe,Baker,23.0,xander@example.com,109204.0,17-02-2022
693,Victor,Lewis,24.0,tara@example.com,96884.0,16-12-2022
694,Bob,Scott,43.0,felix@example.com,46385.0,21-12-2021
695,Mia,Campbell,32.0,julia@example.com,117629.0,09-06-2021
696,Kira,Harris,unknown age,ella@example.com,48641.0,02-12-2022
697,Nate,Jackson,40.0,owen@example.com,113613.0,08-10-2022
698,Leo,Torres,unknown age,quinn@example.com,107256.0,07-04-2020
699,Catherine,Torres,24.0,bob@example.com,unknown salary,30-03-2023
700,Rosa,Flores,47.0,ulysses@example.com,82009.0,24-03-2020
701,Walter,Thompson,28.0,alice@example.com,66329.0,29-06-2023
702,Ulysses,White,48.0,leo@example.com,102708.0,15-11-2023
703,Wendy,Brown,43.0,noah@example.com,99234.0,05-09-2023
704,Beatrice,Mitchell,unknown age,kira@example.com,77379.0,02-05-2022
705,Yara,Smith,49.0,beatrice@example.com,80536.0,09-02-2022
706,Paul,King,51.0,mia@example.com,62267.0,17-08-2020
707,Ulysses,Torres,60.0,ulysses@example.com,unknown salary,14-06-2021
708,Vera,Clark,49.0,tara@example.com,94217.0,12-02-2020
709,Xena,Johnson,25.0,henry@example.com,50977.0,11-05-2022
710,Daniel,Hall,22.0,walter@example.com,48514.0,15-02-2023
711,Gina,Green,32.0,mia@example.com,34674.0,13-01-2023
712,Yasmine,Martin,21.0,catherine@example.com,30019.0,06-01-2023
713,Liam,Allen,33.0,rachel@example.com,45092.0,24-03-2020
714,Catherine,Robinson,34.0,zoe@example.com,84765.0,16-12-2023
715,Quincy,Clark,33.0,alice@example.com,75596.0,29-07-2021
716,Beatrice,Baker,57.0,walter@example.com,72289.0,26-07-2020
717,Bob,Jones,38.0,noah@example.com,119808.0,12-03-2021
718,Kevin,Jackson,29.0,vera@example.com,62750.0,11-04-2020
719,Gina,Brown,60.0,kira@example.com,unknown salary,30-05-2021
720,Victor,Jones,26.0,charlie@example.com,114109.0,24-09-2021
721,Tara,Flores,62.0,zoe@example.com,47628.0,28-06-2023
722,Vera,Mitchell,56.0,jack@example.com,94855.0,22-10-2022
723,Owen,Walker,22.0,quincy@example.com,unknown salary,08-12-2022
724,Walter,Garcia,31.0,grace@example.com,118006.0,15-01-2023
725,Hannah,Miller,56.0,daniel@example.com,34751.0,19-05-2021
726,David,Lee,39.0,liam@example.com,30604.0,12-12-2022
727,David,Garcia,28.0,wendy@example.com,43967.0,24-08-2020
728,Paul,Lee,43.0,david@example.com,113889.0,18-01-2022
729,Daniel,Hall,59.0,xander@example.com,72017.0,10-04-2022
730,Mia,Lewis,22.0,leo@example.com,108397.0,05-03-2022
731,Grace,Flores,52.0,ulysses@example.com,67125.0,08-06-2023
732,Jack,Williams,24.0,ivy@example.com,75563.0,02-01-2021
733,Charlie,King,33.0,jack@example.com,89086.0,17-04-2022
734,Liam,Rivera,61.0,liam@example.com,115620.0,10-10-2023
735,Steve,Davis,38.0,zoe@example.com,63109.0,13-05-2022
736,Gina,Baker,33.0,olivia@example.com,57529.0,21-05-2020
737,Charlie,Johnson,unknown age,liam@example.com,100649.0,11-11-2020
738,Frank,Nguyen,29.0,tara@example.com,57571.0,03-11-2020
739,Rachel,Hill,53.0,frank@example.com,90071.0,23-02-2022
740,Aaron,Lee,34.0,xena@example.com,81473.0,06-11-2020
741,Frank,Young,27.0,daniel@example.com,111611.0,27-08-2023
742,Uma,Davis,unknown age,tina@example.com,38042.0,27-08-2020
743,Hannah,Harris,49.0,leo@example.com,93874.0,01-10-2023
744,Liam,Torres,64.0,tina@example.com,109854.0,07-10-2021
745,Hannah,Scott,47.0,unknown@example.com,110936.0,05-05-2023
746,Tina,Martin,unknown age,ella@example.com,72607.0,16-07-2022
747,Tina,King,61.0,ivy@example.com,55740.0,24-11-2022
748,Piper,Brown,57.0,wendy@example.com,41048.0,25-02-2020
749,Yara,Moore,50.0,rosa@example.com,82049.0,10-10-2022
750,Kira,Johnson,29.0,vera@example.com,96483.0,05-04-2022
751,Paul,Thomas,22.0,yasmine@example.com,118762.0,14-07-2022
752,Quincy,Smith,unknown age,quincy@example.com,112002.0,21-04-2023
753,Xander,Hill,32.0,olivia@example.com,95425.0,07-10-2021
754,Xena,Rivera,60.0,samuel@example.com,116982.0,06-02-2022
755,Julia,Martinez,41.0,catherine@example.com,68844.0,18-03-2022
756,Ulysses,Robinson,31.0,liam@example.com,unknown salary,03-11-2020
757,Isaac,Moore,39.0,unknown@example.com,106729.0,13-05-2022
758,Xena,Rivera,26.0,isaac@example.com,109324.0,22-09-2022
759,Alice,Hill,56.0,alice@example.com,88066.0,06-12-2021
760,Henry,Baker,63.0,bob@example.com,94911.0,12-01-2023
761,Alice,White,51.0,ulysses@example.com,100657.0,29-01-2023
762,Gina,Rivera,37.0,steve@example.com,111008.0,25-01-2023
763,Grace,Walker,43.0,noah@example.com,36958.0,unknown date
764,Ulysses,Thompson,34.0,leo@example.com,110783.0,26-10-2023
765,Henry,Smith,39.0,gina@example.com,34284.0,03-01-2023
766,Isaac,Robinson,18.0,samuel@example.com,82963.0,12-10-2020
767,Ulysses,Miller,57.0,rosa@example.com,46340.0,21-12-2020
768,Walter,King,37.0,walter@example.com,56865.0,26-06-2023
769,Grace,Anderson,42.0,grace@example.com,66899.0,30-08-2020
770,Tina,Scott,52.0,jack@example.com,77900.0,24-02-2021
771,Ulysses,Rivera,24.0,tara@example.com,79015.0,unknown date
772,Victor,Johnson,58.0,aaron@example.com,117922.0,01-01-2020
773,Gina,Young,unknown age,piper@example.com,36118.0,27-10-2020
774,Gina,Smith,24.0,nate@example.com,92840.0,05-10-2020
775,Daniel,Hall,56.0,alice@example.com,109351.0,30-01-2023
776,Ella,Nguyen,63.0,felix@example.com,69091.0,21-04-2022
777,Catherine,Thomas,43.0,maya@example.com,93980.0,18-09-2022
778,Olivia,Davis,unknown age,quincy@example.com,48948.0,10-05-2021
779,Isaac,Jones,48.0,noah@example.com,86757.0,31-07-2020
780,Uma,Adams,35.0,isaac@example.com,119696.0,31-08-2020
781,Alice,King,39.0,kira@example.com,60229.0,01-09-2023
782,Bob,Hall,29.0,wendy@example.com,47620.0,02-08-2021
783,Rosa,Scott,35.0,kevin@example.com,31681.0,27-02-2020
784,David,Scott,29.0,yasmine@example.com,34503.0,09-06-2021
785,Kevin,Torres,55.0,ulysses@example.com,97704.0,30-07-2020
786,Jack,Davis,47.0,vera@example.com,71863.0,05-08-2020
787,Victor,Smith,60.0,uma@example.com,68486.0,23-03-2021
788,Isaac,Mitchell,37.0,zoe@example.com,43934.0,29-11-2023
789,Liam,Nelson,43.0,yara@example.com,47717.0,unknown date
790,Vera,Smith,24.0,rachel@example.com,31632.0,11-05-2020
791,Catherine,White,38.0,maya@example.com,81911.0,26-08-2020
792,Felix,Wright,40.0,paul@example.com,57138.0,11-10-2020
793,Kevin,Harris,26.0,ulysses@example.com,68619.0,15-02-2022
794,Maya,Lee,24.0,vera@example.com,106905.0,26-11-2021
795,Paul,Lewis,50.0,vera@example.com,80788.0,16-05-2021
796,Yara,Walker,45.0,quincy@example.com,58195.0,22-08-2020
797,Hannah,King,27.0,isaac@example.com,75721.0,20-01-2021
798,Noah,Lewis,60.0,julia@example.com,91788.0,22-10-2020
799,Steve,Hall,24.0,walter@example.com,92824.0,30-01-2022
800,Yara,Robinson,43.0,david@example.com,79709.0,23-04-2021
801,Kevin,Smith,19.0,bob@example.com,47184.0,20-08-2021
802,Ulysses,Jackson,23.0,zoe@example.com,112862.0,18-01-2021
803,Noah,Mitchell,63.0,zoe@example.com,44919.0,30-11-2022
804,Walter,Robinson,27.0,quinn@example.com,49194.0,02-02-2021
805,Ivy,Thompson,43.0,hannah@example.com,101525.0,22-04-2022
806,Henry,Young,60.0,catherine@example.com,57753.0,16-07-2022
807,Henry,Jones,23.0,rosa@example.com,47186.0,28-03-2020
808,Kira,King,46.0,walter@example.com,77098.0,28-06-2022
809,Vera,Torres,29.0,zoe@example.com,60747.0,16-03-2021
810,Leo,Hall,61.0,ulysses@example.com,60387.0,10-06-2022
811,Frank,Brown,47.0,kevin@example.com,114222.0,28-06-2022
812,Charlie,Thompson,45.0,olivia@example.com,unknown salary,29-01-2023
813,Rosa,Nelson,32.0,zoe@example.com,44468.0,25-01-2022
814,Frank,Jones,27.0,charlie@example.com,115069.0,22-03-2023
815,Daniel,Martin,51.0,paul@example.com,101324.0,22-04-2021
816,Owen,Baker,49.0,piper@example.com,60205.0,24-10-2022
817,Rosa,Martinez,21.0,yara@example.com,118891.0,16-11-2023
818,Ulysses,Rivera,34.0,nate@example.com,86388.0,01-06-2021
819,Grace,Walker,36.0,olivia@example.com,76624.0,06-12-2021
820,Ivy,Jackson,37.0,gina@example.com,76006.0,27-11-2020
821,Mia,Martin,39.0,kevin@example.com,83189.0,14-12-2022
822,Ulysses,Wilson,49.0,paul@example.com,34757.0,unknown date
823,Zoe,Brown,36.0,ulysses@example.com,97199.0,04-11-2023
824,Tina,Mitchell,35.0,olivia@example.com,117595.0,07-03-2022
825,Bob,Hill,unknown age,felix@example.com,66740.0,16-12-2021
826,Aaron,Anderson,40.0,quincy@example.com,66336.0,20-05-2022
827,Vera,Hall,44.0,piper@example.com,31650.0,22-08-2023
828,Mia,Nelson,41.0,unknown@example.com,75612.0,24-01-2023
829,Zoe,Walker,30.0,felix@example.com,51585.0,02-12-2021
830,Alice,Wilson,57.0,unknown@example.com,43600.0,07-03-2021
831,Quinn,Clark,22.0,ivy@example.com,39217.0,15-07-2023
832,Liam,Torres,34.0,jack@example.com,86796.0,30-08-2022
833,Xena,Rivera,59.0,charlie@example.com,49910.0,03-02-2023
834,Samuel,Rivera,21.0,xander@example.com,110096.0,15-10-2021
835,Piper,Young,53.0,steve@example.com,36564.0,25-11-2023
836,Piper,Harris,38.0,noah@example.com,115932.0,31-01-2020
837,Kevin,Clark,24.0,uma@example.com,39924.0,25-03-2021
838,Beatrice,Martin,60.0,bob@example.com,33141.0,06-02-2023
839,Yasmine,Scott,63.0,beatrice@example.com,unknown salary,06-07-2020
840,Gina,Campbell,25.0,daniel@example.com,96720.0,02-06-2021
841,Paul,Flores,unknown age,unknown@example.com,108331.0,20-07-2021
842,Rosa,Davis,55.0,felix@example.com,100196.0,29-06-2020
843,Isaac,Nelson,41.0,xena@example.com,67932.0,25-11-2022
844,David,Wright,64.0,daniel@example.com,55286.0,26-06-2022
845,Eve,Smith,50.0,wendy@example.com,92616.0,23-06-2021
846,Steve,Rivera,51.0,beatrice@example.com,43151.0,27-12-2020
847,Walter,Rodriguez,51.0,maya@example.com,99154.0,03-07-2021
848,Ivy,Green,59.0,victor@example.com,72736.0,06-12-2020
849,Quincy,Wright,63.0,vera@example.com,70585.0,30-08-2021
850,Paul,Martin,29.0,owen@example.com,107591.0,19-11-2022
851,Rachel,Young,36.0,felix@example.com,54831.0,07-05-2020
852,Walter,Miller,29.0,rosa@example.com,54621.0,19-02-2021
853,Yasmine,Martinez,57.0,eve@example.com,42833.0,unknown date
854,Jack,Martin,47.0,xena@example.com,116973.0,unknown date
855,Nate,White,34.0,unknown@example.com,100195.0,unknown date
856,Ivy,King,38.0,rachel@example.com,105459.0,21-01-2022
857,Nate,Wright,50.0,kira@example.com,54267.0,02-01-2020
858,Catherine,Scott,34.0,quinn@example.com,35154.0,22-05-2021
859,Quinn,Torres,35.0,aaron@example.com,96056.0,20-09-2020
860,Maya,Miller,unknown age,zoe@example.com,60445.0,28-10-2022
861,Julia,Baker,40.0,jack@example.com,51941.0,20-11-2022
862,Wendy,Garcia,54.0,rosa@example.com,114646.0,06-11-2021
863,Mia,Walker,19.0,david@example.com,53936.0,24-02-2021
864,Samuel,Taylor,29.0,gina@example.com,40847.0,20-07-2022
865,Uma,Torres,55.0,xander@example.com,77373.0,04-01-2020
866,Bob,Mitchell,32.0,bob@example.com,54428.0,02-06-2023
867,Wendy,Adams,29.0,isaac@example.com,82808.0,05-11-2020
868,Maya,Davis,25.0,unknown@example.com,84908.0,27-11-2023
869,Frank,Adams,57.0,piper@example.com,unknown salary,14-06-2021
870,Frank,Johnson,unknown age,zoe@example.com,33562.0,11-12-2021
871,Piper,Nguyen,54.0,steve@example.com,63336.0,04-12-2020
872,Rosa,Young,18.0,tara@example.com,117158.0,26-08-2021
873,Victor,Williams,58.0,kevin@example.com,91156.0,08-07-2020
874,Xena,Nguyen,50.0,isaac@example.com,119413.0,unknown date
875,Bob,Taylor,23.0,kevin@example.com,111784.0,15-07-2022
876,Julia,King,34.0,noah@example.com,64102.0,18-07-2022
877,Xander,Flores,26.0,isaac@example.com,119760.0,08-01-2022
878,Steve,Martin,54.0,paul@example.com,39980.0,13-02-2021
879,Zoe,Adams,51.0,bob@example.com,unknown salary,10-05-2020
880,Quincy,Flores,22.0,yara@example.com,94681.0,25-10-2020
881,David,Wilson,44.0,julia@example.com,95040.0,20-09-2020
882,Paul,Green,30.0,tara@example.com,46829.0,02-03-2021
883,Noah,Lewis,52.0,steve@example.com,105790.0,31-08-2020
884,Ulysses,Anderson,61.0,xander@example.com,93725.0,30-10-2022
885,Mia,Green,37.0,alice@example.com,108586.0,24-10-2023
886,Olivia,Green,60.0,daniel@example.com,93688.0,30-07-2021
887,Liam,Jones,61.0,kira@example.com,98192.0,06-01-2021
888,Julia,Rivera,53.0,rosa@example.com,unknown salary,19-06-2022
889,Charlie,Thompson,50.0,unknown@example.com,109257.0,05-05-2023
890,Isaac,Taylor,42.0,tina@example.com,52001.0,13-08-2020
891,Ella,King,29.0,yasmine@example.com,79089.0,04-03-2023
892,Julia,Miller,56.0,maya@example.com,72227.0,08-12-2023
893,Frank,Flores,41.0,beatrice@example.com,57022.0,04-07-2021
894,Beatrice,King,44.0,unknown@example.com,118109.0,15-12-2020
895,Quinn,Thomas,39.0,leo@example.com,62246.0,03-04-2023
896,Ivy,Baker,unknown age,kevin@example.com,87728.0,23-12-2023
897,Hannah,Scott,unknown age,tara@example.com,91179.0,10-10-2022
898,Isaac,Young,25.0,alice@example.com,107766.0,26-12-2020
899,Noah,Mitchell,24.0,noah@example.com,73917.0,17-09-2020
900,Bob,Wilson,54.0,unknown@example.com,32467.0,27-10-2022
901,Xena,Robinson,35.0,victor@example.com,101270.0,28-07-2022
902,Wendy,Flores,47.0,uma@example.com,64379.0,14-07-2022
903,David,Hill,47.0,frank@example.com,118898.0,18-02-2022
904,Frank,Hall,40.0,maya@example.com,46002.0,29-08-2021
905,Rachel,King,47.0,liam@example.com,38365.0,20-11-2021
906,Mia,Flores,36.0,unknown@example.com,64483.0,07-02-2023
907,Leo,Thompson,29.0,gina@example.com,98819.0,13-08-2023
908,Mia,Martin,54.0,julia@example.com,106757.0,14-10-2020
909,Henry,Lewis,18.0,isaac@example.com,110500.0,12-10-2022
910,Beatrice,Young,54.0,noah@example.com,93635.0,24-06-2022
911,Piper,Adams,49.0,piper@example.com,36040.0,18-07-2021
912,Quinn,Moore,40.0,quinn@example.com,unknown salary,30-05-2020
913,Aaron,Martin,25.0,xander@example.com,62594.0,07-08-2020
914,Kevin,Green,42.0,maya@example.com,32545.0,19-06-2022
915,Kira,Davis,30.0,alice@example.com,82029.0,29-03-2020
916,Henry,Davis,23.0,jack@example.com,100804.0,23-05-2021
917,Mia,Thomas,48.0,aaron@example.com,113299.0,16-11-2023
918,Felix,Lewis,24.0,maya@example.com,51047.0,11-08-2021
919,Paul,Mitchell,27.0,piper@example.com,114255.0,11-12-2021
920,Zoe,Wright,31.0,david@example.com,102548.0,28-11-2023
921,Tina,Jackson,49.0,isaac@example.com,119354.0,24-04-2021
922,Isaac,Young,23.0,rachel@example.com,110439.0,11-09-2021
923,Maya,Adams,40.0,quinn@example.com,75462.0,05-10-2023
924,Bob,Anderson,48.0,zoe@example.com,63491.0,11-06-2022
925,Samuel,Torres,50.0,unknown@example.com,30872.0,18-06-2023
926,Hannah,Smith,33.0,felix@example.com,84260.0,29-01-2020
927,Leo,Campbell,63.0,zoe@example.com,71807.0,13-01-2020
928,David,Adams,64.0,quincy@example.com,106360.0,15-09-2020
929,Kevin,Lewis,18.0,unknown@example.com,52692.0,12-07-2023
930,Rachel,Rodriguez,52.0,victor@example.com,77789.0,04-10-2021
931,Tina,Williams,51.0,nate@example.com,37592.0,19-10-2023
932,Piper,Torres,18.0,rosa@example.com,95463.0,25-02-2023
933,Paul,Davis,35.0,ulysses@example.com,107921.0,21-10-2021
934,Paul,Baker,64.0,eve@example.com,65330.0,23-09-2020
935,Grace,Clark,22.0,gina@example.com,60061.0,25-06-2020
936,Ella,Davis,29.0,noah@example.com,52774.0,19-05-2022
937,Samuel,Scott,19.0,kira@example.com,65338.0,unknown date
938,Zoe,Young,64.0,piper@example.com,55816.0,unknown date
939,Ella,Baker,35.0,quinn@example.com,70950.0,15-11-2022
940,Rosa,Brown,51.0,olivia@example.com,36615.0,03-05-2023
941,Rosa,Scott,46.0,tara@example.com,36906.0,16-02-2021
942,Jack,Green,35.0,mia@example.com,116841.0,08-01-2021
943,Rosa,Miller,45.0,yara@example.com,72338.0,29-11-2023
944,Charlie,Harris,30.0,tina@example.com,36563.0,29-06-2023
945,Xena,Wright,48.0,unknown@example.com,31190.0,21-01-2023
946,Ella,Allen,29.0,ulysses@example.com,53874.0,03-10-2020
947,Alice,Garcia,49.0,aaron@example.com,107340.0,23-09-2020
948,Daniel,Young,23.0,rosa@example.com,61439.0,12-07-2023
949,Daniel,Martinez,39.0,aaron@example.com,41569.0,31-12-2021
950,Zoe,Walker,unknown age,samuel@example.com,44294.0,29-06-2020
951,Noah,White,64.0,vera@example.com,112810.0,01-11-2023
952,Olivia,Flores,32.0,rosa@example.com,59462.0,23-07-2021
953,Leo,Torres,25.0,rosa@example.com,48597.0,24-04-2023
954,Zoe,King,43.0,xander@example.com,38347.0,19-03-2021
955,Paul,Nelson,22.0,frank@example.com,72939.0,18-08-2022
956,Jack,Campbell,25.0,maya@example.com,114425.0,02-10-2022
957,Uma,Young,61.0,ella@example.com,98316.0,18-10-2022
958,Liam,Allen,20.0,eve@example.com,112229.0,09-09-2020
959,Julia,Jackson,61.0,tina@example.com,75460.0,11-07-2022
960,Felix,Thompson,46.0,alice@example.com,100350.0,02-05-2020
961,Ulysses,Smith,32.0,ulysses@example.com,102065.0,16-01-2023
962,Noah,Thompson,47.0,xander@example.com,unknown salary,09-08-2020
963,Victor,Williams,25.0,leo@example.com,59462.0,09-10-2022
964,Ella,King,64.0,quinn@example.com,102409.0,11-07-2020
965,Kevin,Jones,64.0,quinn@example.com,92195.0,05-08-2020
966,Ivy,Thompson,62.0,owen@example.com,83071.0,30-04-2020
967,Piper,Martinez,26.0,paul@example.com,73994.0,unknown date
968,Samuel,White,40.0,hannah@example.com,49336.0,05-04-2021
969,Victor,Torres,20.0,julia@example.com,106057.0,14-08-2021
970,Tina,Brown,31.0,david@example.com,67356.0,01-03-2022
971,Julia,King,51.0,eve@example.com,50598.0,03-08-2020
972,Henry,Rodriguez,51.0,eve@example.com,61624.0,16-09-2022
973,Ivy,Taylor,24.0,liam@example.com,103026.0,30-05-2023
974,Quinn,Wright,38.0,alice@example.com,91369.0,24-11-2023
975,Kevin,Baker,50.0,felix@example.com,88790.0,26-12-2022
976,Grace,Miller,23.0,beatrice@example.com,73861.0,24-04-2022
977,Uma,Hall,21.0,walter@example.com,89267.0,22-11-2023
978,Xander,Jackson,46.0,quincy@example.com,85399.0,30-06-2023
979,Owen,Davis,32.0,aaron@example.com,84907.0,03-08-2020
980,Olivia,Rivera,49.0,xander@example.com,113329.0,21-10-2021
981,Mia,Robinson,42.0,maya@example.com,116808.0,24-04-2022
982,Felix,Hall,48.0,rachel@example.com,57387.0,03-12-2021
983,Owen,Flores,55.0,julia@example.com,33048.0,29-07-2023
984,Yasmine,Wilson,22.0,nate@example.com,113513.0,21-11-2023
985,Jack,Williams,37.0,isaac@example.com,52100.0,29-10-2020
986,Tina,Martin,30.0,felix@example.com,108581.0,03-04-2022
987,Frank,Lee,32.0,daniel@example.com,63543.0,29-07-2023
988,Walter,Baker,21.0,ella@example.com,52612.0,13-08-2022
989,Aaron,Jackson,62.0,quinn@example.com,63682.0,31-08-2020
990,Ivy,Smith,37.0,yasmine@example.com,63210.0,01-03-2020
991,Quincy,Campbell,63.0,alice@example.com,80324.0,22-01-2021
992,Ivy,Jackson,56.0,frank@example.com,80936.0,07-10-2022
993,Tina,King,unknown age,eve@example.com,96557.0,23-06-2021
994,Hannah,Hill,42.0,nate@example.com,98380.0,07-07-2021
995,Hannah,Hall,46.0,henry@example.com,50541.0,30-06-2023
996,Tara,Mitchell,43.0,grace@example.com,119998.0,unknown date
997,Isaac,Wilson,49.0,tara@example.com,60230.0,24-04-2022
998,Henry,Thomas,41.0,gina@example.com,94949.0,14-01-2021
999,Aaron,Robinson,55.0,hannah@example.com,56318.0,23-11-2022
